{
  "project_info": {
    "project_number": "205223163015",
    "firebase_url": "https://projetodeus-b6ab2.firebaseio.com",
    "project_id": "projetodeus-b6ab2",
    "storage_bucket": "projetodeus-b6ab2.appspot.com"
  },
  "client": [
    {
      "client_info": {
        "mobilesdk_app_id": "1:205223163015:android:c9db2cb2e5d81055",
        "android_client_info": {
          "package_name": "projeto.marcos.projetodeus"
        }
      },
      "oauth_client": [
        {
          "client_id": "205223163015-s598n1uqo0oijfek4g5npch49lvi9guf.apps.googleusercontent.com",
          "client_type": 1,
          "android_info": {
            "package_name": "projeto.marcos.projetodeus",
            "certificate_hash": "e625b95a7d4176c1210568f78b5571f507daadb3"
          }
        },
        {
          "client_id": "205223163015-3342jh7upjecmqhhkfriucnm7hpou8v1.apps.googleusercontent.com",
          "client_type": 3
        }
      ],
      "api_key": [
        {
          "current_key": "AIzaSyBq0Noxx77S87jkaYgN1T3Fm6cYu2jkyyE"
        }
      ],
      "services": {
        "analytics_service": {
          "status": 1
        },
        "appinvite_service": {
          "status": 2,
          "other_platform_oauth_client": [
            {
              "client_id": "205223163015-3342jh7upjecmqhhkfriucnm7hpou8v1.apps.googleusercontent.com",
              "client_type": 3
            }
          ]
        },
        "ads_service": {
          "status": 2
        }
      }
    }
  ],
  "configuration_version": "1"
}